case_name,rho_05_band_alignment,rho_05_location_alignment,rho_10_band_alignment,rho_10_location_alignment,rho_20_band_alignment,rho_20_location_alignment,rho_30_band_alignment,rho_30_location_alignment
hippocampus_001,0.9989646163695951,0.5149648344896005,0.9956496653148247,0.5553370802345869,0.9809483692485869,0.6372843858818321,0.9536920769119525,0.7180333403834434
hippocampus_003,0.999684327371907,0.4753809999697474,0.9986352350479718,0.4990736043808559,0.9935769738744455,0.5510970179120261,0.9828745622838082,0.6096447152206735
hippocampus_004,0.999172325571985,0.43226584504632853,0.9964651463803363,0.4709975011705046,0.9839323360038719,0.5528829154179893,0.9592299855021847,0.6387303440115643
hippocampus_006,0.9989798071183267,0.40568348844736046,0.9956484781210809,0.44920597255664896,0.9803188842206187,0.5407076413957681,0.9505140888829241,0.6353497773368031
hippocampus_007,0.999858967847312,0.4897404849161761,0.9993843342870503,0.5056101854393314,0.9970361538698105,0.5413203837911957,0.991850086863458,0.5832743251239668
hippocampus_008,0.9997250372600321,0.48653783542915663,0.998809033894108,0.5085331767376483,0.9943781961484646,0.5569895185339453,0.9849437312755522,0.6118665643108298
hippocampus_011,0.9994393486851292,0.4430108717117337,0.997590147557514,0.47494815664007484,0.988855258632065,0.5437523067745945,0.9710256430555486,0.6184562577838228
hippocampus_014,0.9989532220787649,0.4974719540463419,0.9955917108471508,0.5386659220350696,0.9806056601811705,0.6227009061739783,0.9526452012736383,0.7060453099461754
hippocampus_015,0.9987706531601773,0.576198668143632,0.994914217283346,0.6173555226747605,0.9784777276429009,0.697803104077319,0.9496155460504985,0.7728180601381754
hippocampus_020,0.9972889896334907,0.49350259817096354,0.9889444662135219,0.5574374847245789,0.9551956229412055,0.6764538164875776,0.9012519648974838,0.777453475102445
hippocampus_023,0.9986532411480251,0.4977578225704602,0.9943705053407631,0.544056834925493,0.975694419098328,0.6365643558320857,0.9420621753146787,0.7250980510463262
hippocampus_024,0.9988413784771705,0.4040064954218469,0.9950709092080032,0.45028031269205887,0.9778675577167908,0.5467952596566454,0.9449162951038818,0.64514055304071
hippocampus_025,0.998687873692579,0.5164185386789718,0.9945275618176608,0.5614156095542328,0.9764724069349519,0.6509083640574622,0.94412149025564,0.7361122766689557
hippocampus_026,0.9976411342756989,0.39264062284472556,0.9901370052065903,0.457664167187905,0.957848336847455,0.5860546773499652,0.902056663225684,0.7040512823145432
hippocampus_034,0.9987191594387177,0.47712889996252034,0.9946207038878255,0.5231447963801433,0.9765275459083208,0.6161615217208445,0.9433917380672996,0.7067194094281768
hippocampus_036,0.9995077672232081,0.4637850811781227,0.9978834620687042,0.49336762858605343,0.9901973886197052,0.5572063440625229,0.9744345244696533,0.6268397368178941
hippocampus_038,0.9991798782508076,0.4680248952307679,0.996511697188443,0.5056222941034427,0.984280227811807,0.5843648228404813,0.9604764439578084,0.6658556299770766
hippocampus_039,0.9983039638414393,0.45320093992731436,0.9929099268946171,0.5066156368891034,0.9694943848623123,0.6129120079086844,0.927930428820942,0.71321827228724
hippocampus_040,0.9994259285861617,0.4869729278342042,0.9975444078393321,0.5182707182909585,0.9887681822418295,0.5848964473486353,0.9711617171852671,0.6559743278468432
hippocampus_041,0.9990819321587223,0.5114406992647398,0.9961282901392311,0.5497250151895873,0.9828839271914691,0.6282437442395034,0.9579040115356535,0.7069641474993922
hippocampus_042,0.998937916727193,0.5111816887638317,0.9955380968230728,0.5521717155472906,0.9804724129092797,0.635312104407943,0.9525885783002803,0.7170974318204646
hippocampus_044,0.9993761286183682,0.4638014585713344,0.9973294955261796,0.49692746272289745,0.987771103125454,0.5675319524494541,0.9685934161348849,0.642872072124725
hippocampus_045,0.9988076743681871,0.48741616256027137,0.994989605973436,0.5315540198344529,0.9780933356339744,0.6209776725127751,0.9469808960998587,0.7085066632679442
hippocampus_046,0.9985627339158031,0.46373258057717587,0.9939718100891608,0.512797780282773,0.9738118126499051,0.611491912944499,0.937281836462708,0.7065640009011318
hippocampus_048,0.9991087009315103,0.5329699131200238,0.996249141875475,0.5700140895022456,0.983491175004249,0.6456253572483931,0.9595648288126343,0.720988421724658
hippocampus_050,0.9995189690729432,0.4880934477046228,0.9979357018701668,0.5168346679529958,0.990478836828356,0.5785816812474651,0.9752774998603875,0.6455237217510521
hippocampus_051,0.9989602820272774,0.4903888617164585,0.9956165656829515,0.5316921858025492,0.9806651028313486,0.6161911124721733,0.9526569543710663,0.7003375081213458
hippocampus_053,0.9997473667537292,0.4829366182757387,0.9989042897561066,0.504103358309488,0.9948096975769243,0.5509118598226173,0.9860350771202637,0.6042656759949151
hippocampus_056,0.9995667991315812,0.5281515470660144,0.9981448276139155,0.5546221153186194,0.9914757232390835,0.6112595219371346,0.9779375004896169,0.6723921041085633
hippocampus_057,0.998707650061488,0.5145356008010455,0.9946056847124999,0.5592954114581766,0.9767647669884304,0.6484980956511985,0.9446969953846105,0.7336971243317804
hippocampus_058,0.9993470659922362,0.5030532775628559,0.9972194360696272,0.5359023377512637,0.9874185285018846,0.6050116896612591,0.9681259449841074,0.6773425544707566
hippocampus_060,0.9990686901611433,0.452821138452448,0.9960428215633277,0.493194171089098,0.9822308738801615,0.5774173590187236,0.9555856661232416,0.6638250579478892
