anchor_gradient_rms,anchor_loss,band_gradient_rms,band_location_conflict_fraction,band_location_conflict_mass_fraction,band_location_cosine,band_location_voxel_overlap_fraction,band_loss,case_name,conditional_allowed_mass,dice_gradient_rms,dice_loss,location_gradient_rms,location_loss,location_residual_after_band,onecut_allowed_mass,onecut_gradient_rms,onecut_loss,ray_count,sample_count
2.5025913146237144e-06,0.07900881767272949,7.361616098933155e-06,0.25638526678085327,0.0010464346269145608,0.47543385195535,0.019565582275390625,0.5771862864494324,hippocampus_001,0.7691126465797424,7.404956932077766e-07,0.20855122804641724,2.837956890289206e-05,1.1231526136398315,0.8797515034675598,0.7691126465797424,2.249216549898847e-06,0.1017838567495346,2382.0,13.0
1.1796711305578356e-06,0.02846420742571354,6.045036116120173e-06,0.2632550299167633,0.015582711435854435,0.45313344463601557,0.022735595703125,0.39375555515289307,hippocampus_003,0.8681138753890991,7.797918897267664e-07,0.1807619333267212,1.2536143913166597e-05,0.3381090760231018,0.8914427161216736,0.8681138753890991,1.1042296819141484e-06,0.04088595137000084,2832.0,13.0
1.996221044464619e-06,0.08621088415384293,6.06051162321819e-06,0.2729862332344055,0.014577205292880535,0.39522754061318915,0.024105072021484375,0.4208443760871887,hippocampus_004,0.8352840542793274,7.705372695454571e-07,0.17735183238983154,1.985842209251132e-05,0.8165451288223267,0.9185832738876343,0.8352840542793274,1.704515398159856e-06,0.09065273404121399,3034.0,13.0
1.9735189198399894e-06,0.042501963675022125,6.1572923186759e-06,0.28242161870002747,0.005056906025856733,0.3639933710255418,0.0248260498046875,0.3878209590911865,hippocampus_006,0.8590447306632996,7.546948950221122e-07,0.1508190631866455,2.209798913099803e-05,0.4930426776409149,0.9314015507698059,0.8590447306632996,1.7460339449826279e-06,0.052729327231645584,3090.0,13.0
7.198446496659017e-07,0.013119541108608246,5.795225661131553e-06,0.2658250629901886,0.0013913169968873262,0.4750285872152294,0.021152496337890625,0.32006192207336426,hippocampus_007,0.9098047018051147,7.739637339909677e-07,0.16139847040176392,8.108916517812759e-06,0.16992022097110748,0.879970371723175,0.9098047018051147,7.571676405859762e-07,0.02260693721473217,2700.0,13.0
1.059806550074427e-06,0.018395734950900078,6.288626082096016e-06,0.26714208722114563,0.0005968275363557041,0.4659167059334621,0.020862579345703125,0.4028836488723755,hippocampus_008,0.8761671781539917,7.545729090452369e-07,0.17134547233581543,1.2260964467714075e-05,0.32528921961784363,0.8848285675048828,0.8761671781539917,1.0184359098275308e-06,0.033286966383457184,2626.0,13.0
1.3194071470934432e-06,0.027527909725904465,5.940010851190891e-06,0.25097692012786865,0.0020985701121389866,0.4127453139830859,0.02147674560546875,0.3518484830856323,hippocampus_011,0.8878717422485352,6.548177680087974e-07,0.1629815697669983,1.6114232494146563e-05,0.4065440893173218,0.9108465313911438,0.8878717422485352,1.2833452274207957e-06,0.040254492312669754,2574.0,13.0
2.556096887929016e-06,0.09151340276002884,7.063799785100855e-06,0.2911834716796875,0.009942631237208843,0.4572685379913618,0.024013519287109375,0.6258460283279419,hippocampus_014,0.7267528176307678,7.680657176933892e-07,0.21343880891799927,2.7057518309447914e-05,1.095885992050171,0.8893285989761353,0.7267528176307678,2.236420414192253e-06,0.11534691601991653,3104.0,13.0
2.6777431685331976e-06,0.0769924595952034,7.463690963049885e-06,0.28287607431411743,0.002314777811989188,0.5349767439655265,0.020160675048828125,0.6120295524597168,hippocampus_015,0.7029398083686829,8.609298447481706e-07,0.21178269386291504,3.288131483714096e-05,1.3469550609588623,0.8448668122291565,0.7029398083686829,2.608462409625645e-06,0.118265300989151,2488.0,13.0
4.6069512791291345e-06,0.18176984786987305,6.904469501023414e-06,0.30831897258758545,0.01446502935141325,0.4281645269168585,0.024349212646484375,0.5755007266998291,hippocampus_020,0.7228209376335144,7.59475085487793e-07,0.19576585292816162,4.2432289774296805e-05,1.6250267028808594,0.9037008285522461,0.7228209376335144,3.544015953593771e-06,0.17486567795276642,3158.0,13.0
2.7481771667225985e-06,0.10422125458717346,6.484054665634176e-06,0.2857142984867096,0.02298041060566902,0.4520892582237591,0.024005889892578125,0.5200439095497131,hippocampus_023,0.770797610282898,6.878641443108791e-07,0.1815323829650879,2.8174417820991948e-05,1.103985071182251,0.8919727206230164,0.770797610282898,2.3529232748842333e-06,0.11726988106966019,2970.0,13.0
2.3325299025600543e-06,0.044001102447509766,5.7582597037253436e-06,0.2783132493495941,0.004541156347841024,0.3595167786027789,0.02532958984375,0.3644861578941345,hippocampus_024,0.8579186797142029,7.693221277804696e-07,0.1672108769416809,2.200466587964911e-05,0.45366308093070984,0.9331386685371399,0.8579186797142029,1.8724456367635867e-06,0.0525195449590683,3026.0,13.0
2.509126034055953e-06,0.06807920336723328,6.351594947773265e-06,0.2686872184276581,0.0009450677898712456,0.471888155453469,0.022403717041015625,0.4697566330432892,hippocampus_025,0.8023796677589417,7.113231959010591e-07,0.18590986728668213,2.7590520403464325e-05,0.9826759099960327,0.8816583752632141,0.8023796677589417,2.226304331998108e-06,0.09067597985267639,2818.0,13.0
3.572475634427974e-06,0.06932090222835541,6.10889173913165e-06,0.290338397026062,0.016443446278572083,0.32858122636384884,0.023334503173828125,0.39432859420776367,hippocampus_026,0.8396272659301758,7.377405495390121e-07,0.16208654642105103,3.312101398478262e-05,0.6539146304130554,0.9444757103919983,0.8396272659301758,2.716286871873308e-06,0.0737486332654953,2952.0,13.0
2.7249932372797048e-06,0.06562080979347229,6.481137461378239e-06,0.25491276383399963,0.00024327692517545074,0.43205123774580967,0.020771026611328125,0.4495026171207428,hippocampus_034,0.8358202576637268,7.408363558170095e-07,0.1746700406074524,2.710441367526073e-05,0.8660078048706055,0.9018490314483643,0.8358202576637268,2.2168946998135652e-06,0.08017563819885254,2592.0,13.0
1.4459646990871988e-06,0.034403976052999496,5.835532647324726e-06,0.27078384160995483,0.012031832709908485,0.4357617544173667,0.02248382568359375,0.34403181076049805,hippocampus_036,0.8717411160469055,6.983227081036603e-07,0.1577044129371643,1.5010672541393433e-05,0.3387909531593323,0.900062084197998,0.8717411160469055,1.2936723123857519e-06,0.0438399501144886,2808.0,13.0
2.194492708440521e-06,0.057305727154016495,7.328651918214746e-06,0.29284414649009705,0.00676038209348917,0.431858509848807,0.023082733154296875,0.5914125442504883,hippocampus_038,0.7677125930786133,7.910167596492101e-07,0.1815204620361328,2.4391525585087948e-05,0.8099666833877563,0.9019414186477661,0.7677125930786133,1.9975607301603304e-06,0.08215344697237015,2884.0,13.0
3.046204255952034e-06,0.07404399663209915,5.677994522557128e-06,0.2657242715358734,0.001491163158789277,0.4005384560069235,0.024017333984375,0.36048537492752075,hippocampus_039,0.8630678057670593,7.597622584398778e-07,0.1632072925567627,2.6935571440844797e-05,0.7083384990692139,0.9162799119949341,0.8630678057670593,2.339729007871938e-06,0.07649625092744827,2950.0,13.0
1.661200826674758e-06,0.038225479423999786,6.1363457461993676e-06,0.2733530104160309,0.003280091332271695,0.45710029762431925,0.02327728271484375,0.4368617534637451,hippocampus_040,0.8389624953269958,7.56010365421389e-07,0.17169904708862305,1.7291211406700313e-05,0.5142220854759216,0.8894152641296387,0.8389624953269958,1.4664258287666598e-06,0.0544222816824913,2836.0,13.0
3.0403896289499244e-06,0.08634166419506073,8.40619486552896e-06,0.3125517964363098,0.0011440879898145795,0.4741604274306406,0.023006439208984375,0.8120595812797546,hippocampus_041,0.7018206715583801,6.76404965815891e-07,0.19251328706741333,3.0439288821071386e-05,1.3177175521850586,0.880438506603241,0.7018206715583801,2.6449636152392486e-06,0.12223436683416367,2814.0,13.0
2.8903968996019103e-06,0.1004885733127594,7.445044502674136e-06,0.29214203357696533,0.0031832351814955473,0.47103670221515825,0.023738861083984375,0.6594998836517334,hippocampus_042,0.7364432215690613,7.808482678228756e-07,0.1786540150642395,2.8992790248594247e-05,1.1449135541915894,0.8821136355400085,0.7364432215690613,2.484237256794586e-06,0.12089761346578598,2856.0,13.0
1.6359986148017924e-06,0.04082326218485832,6.448262865887955e-06,0.26351600885391235,0.016244877129793167,0.4322220775089036,0.02074432373046875,0.43951451778411865,hippocampus_044,0.8487876653671265,7.301908908630139e-07,0.19139158725738525,1.867279934231192e-05,0.5834664702415466,0.9017671942710876,0.8487876653671265,1.4897976825523074e-06,0.05562982335686684,2464.0,13.0
2.6262973733537365e-06,0.08051273226737976,6.672400104434928e-06,0.28386634588241577,0.01155548170208931,0.444206963212343,0.02123260498046875,0.5064377784729004,hippocampus_045,0.7909387350082397,8.066008376772515e-07,0.19791489839553833,2.709865839278791e-05,0.8560882210731506,0.8959242105484009,0.7909387350082397,2.2605313461099286e-06,0.09586621820926666,2722.0,13.0
2.7962566946371226e-06,0.08608244359493256,6.445646704378305e-06,0.2806277573108673,0.01939750462770462,0.4155828092240533,0.02260589599609375,0.4615706503391266,hippocampus_046,0.7999998927116394,7.577377232337312e-07,0.1768099069595337,2.8322578145889565e-05,0.753934383392334,0.9095553755760193,0.7999998927116394,2.3056186364556197e-06,0.09266241639852524,2962.0,13.0
2.2380074824468466e-06,0.06411818414926529,6.770314485038398e-06,0.28028804063796997,0.0029250443913042545,0.49677908568322815,0.021190643310546875,0.5010071396827698,hippocampus_048,0.7873234748840332,7.396639603030053e-07,0.19500517845153809,2.453351225994993e-05,0.8681513667106628,0.8678770065307617,0.7873234748840332,2.012410959650879e-06,0.08620220422744751,2574.0,13.0
1.1455393860160257e-06,0.023740196600556374,5.750579475716222e-06,0.2589130103588104,0.00037702068220824003,0.4607904845253052,0.024074554443359375,0.3505029082298279,hippocampus_050,0.858728289604187,7.548302960458386e-07,0.17326891422271729,1.4842874406895135e-05,0.367905855178833,0.8875088691711426,0.858728289604187,1.2010037835352705e-06,0.040319789201021194,2880.0,13.0
2.534248324082e-06,0.07277247309684753,6.6743364186550025e-06,0.2631298005580902,0.0022540155332535505,0.45014903048698096,0.021427154541015625,0.49733489751815796,hippocampus_051,0.8048954606056213,7.274703079929168e-07,0.18794405460357666,2.5360433937748894e-05,0.9561729431152344,0.8929534554481506,0.8048954606056213,2.099092625940102e-06,0.09014103561639786,2654.0,13.0
9.867682138064993e-07,0.018364261835813522,5.8072287174582016e-06,0.27240386605262756,0.0016187881119549274,0.46313298413355625,0.022518157958984375,0.32768672704696655,hippocampus_053,0.892698347568512,7.42235670259106e-07,0.16460037231445312,1.0827604455698747e-05,0.23955394327640533,0.8862888813018799,0.892698347568512,9.526642088530934e-07,0.029330000281333923,2754.0,13.0
1.2353893907857127e-06,0.03358003497123718,6.264037438086234e-06,0.261921226978302,0.0016692013014107943,0.5029320244341191,0.0220794677734375,0.39852961897850037,hippocampus_056,0.8269768953323364,7.582729040223057e-07,0.20772385597229004,1.577008151798509e-05,0.4777756333351135,0.864326000213623,0.8269768953323364,1.2901913351015537e-06,0.05262551084160805,2808.0,13.0
3.1309355108533055e-06,0.09723624587059021,7.4633321673900355e-06,0.269461065530777,0.00701748626306653,0.4702907689436663,0.01911163330078125,0.618286669254303,hippocampus_057,0.7574004530906677,7.630734444319387e-07,0.20911788940429688,3.213291347492486e-05,1.2714617252349854,0.8825114369392395,0.7574004530906677,2.5735998860909604e-06,0.11989040672779083,2328.0,13.0
1.7916679553309223e-06,0.05826549232006073,6.592070803890238e-06,0.2613290250301361,0.003601249074563384,0.4714948303859856,0.021297454833984375,0.5068673491477966,hippocampus_058,0.8116768598556519,7.264066539391933e-07,0.20262962579727173,2.0020583178848028e-05,0.8016794323921204,0.8818687796592712,0.8116768598556519,1.659808276599506e-06,0.07846122980117798,2570.0,13.0
1.7746543790053693e-06,0.033549319952726364,5.842758127982961e-06,0.24617764353752136,0.00015310091839637607,0.41392891895552275,0.022205352783203125,0.36188963055610657,hippocampus_060,0.8633981347084045,8.112269824778195e-07,0.16956305503845215,2.0538716853479855e-05,0.5467225313186646,0.9103091359138489,0.8633981347084045,1.6320708482453483e-06,0.051605407148599625,2568.0,13.0
