case_name,naive_band_alignment,naive_onecut_alignment,tolerance_anchor_alignment,tolerance_location_alignment
hippocampus_017,0.8209756339732397,0.8219853713742894,0.9670918560713001,0.9649966703427952
hippocampus_019,0.8333935204868749,0.8257086908703731,0.9383428510745457,0.9372486844341272
hippocampus_033,0.7996028866671917,0.8679328590830487,0.9720003239728281,0.9719291477751781
hippocampus_035,0.8180500634753113,0.8347906177157894,0.9456405992167317,0.935705418621632
hippocampus_037,0.8115745161408793,0.8730122483231337,0.9688804967063449,0.9679474603898395
hippocampus_049,0.9108421382741764,0.7361998598433506,0.954517147793452,0.9698146401305069
hippocampus_052,0.8613967351839031,0.8175185473896898,0.9482400278011807,0.9499997458594388
hippocampus_065,0.9321014370623918,0.7703982323573065,0.9484865503955737,0.9723445562155846
hippocampus_083,0.9040041587000907,0.7380288729389758,0.9144223530593344,0.8991265784625974
hippocampus_088,0.8921173188897986,0.8032842645304518,0.9659046577787952,0.9748540731633741
hippocampus_090,0.8798151089420352,0.7638987955578901,0.951120406815617,0.9494477998897091
hippocampus_092,0.9229037571076572,0.7650526531329326,0.9478714445488329,0.9694293233047412
hippocampus_095,0.8606182183847936,0.8208853284160362,0.9704254586702534,0.9748894759570536
hippocampus_107,0.8558501654918981,0.798905558504502,0.9539867563912295,0.9596774818014278
hippocampus_108,0.8729323553780195,0.7779810283310633,0.9698203883269935,0.972775027063357
hippocampus_123,0.8867509018010643,0.8027629566960219,0.95080877642781,0.9563906719390396
hippocampus_125,0.8524645651604905,0.861586245109006,0.9769111444535328,0.9749785600108819
hippocampus_157,0.8174358710687792,0.8405269453555955,0.953819506171348,0.945678294562132
hippocampus_164,0.8046856231194935,0.8656661838101742,0.9767035529737818,0.9764080009628184
hippocampus_169,0.8195219944668672,0.8437041591162237,0.9506175133494752,0.9520010541987516
hippocampus_175,0.9307109640411252,0.7419800222413452,0.9252969091023974,0.954067303903295
hippocampus_185,0.8369609765856436,0.8142183568505048,0.9438466682241051,0.940060579564201
hippocampus_190,0.7705500415569921,0.8770442961229808,0.9682861710094443,0.956692205040908
hippocampus_194,0.847582625721078,0.7719284105544474,0.9265045994011837,0.9181953683029688
hippocampus_204,0.8345200987020753,0.8257755208328649,0.9397263211867348,0.9381808996240224
hippocampus_205,0.7989542712072126,0.8751783727225,0.969825350952997,0.970594212893961
hippocampus_210,0.8308153465649708,0.8378149560481495,0.9532144848692352,0.9375522088106301
hippocampus_217,0.8087583222609357,0.8879702415292361,0.9717213204472975,0.9653575990238967
hippocampus_219,0.8525883702169464,0.8402297333494779,0.9697690367313391,0.964624196681888
hippocampus_229,0.9268085800448407,0.6620508364614245,0.8728286915540898,0.8621767264330488
hippocampus_244,0.7816045813190231,0.9080922867962147,0.9692619458619481,0.9634281782521725
hippocampus_261,0.7902825940068247,0.8802606306200412,0.9644571950728317,0.9594196155821025
hippocampus_264,0.8404598437976463,0.8411096102054765,0.9743844471728569,0.9786149189123095
hippocampus_277,0.852874605041338,0.7309059041104174,0.9442343939806,0.9344539673723896
hippocampus_280,0.8278868596976792,0.8937956687924368,0.9684909800601417,0.9650681584540037
hippocampus_286,0.8936655531302293,0.8240308784437066,0.9657729110773586,0.9729122968162133
hippocampus_288,0.8144714761682228,0.8088201555250674,0.9609655098418952,0.94696437823026
hippocampus_289,0.8530192965930774,0.8534214232856657,0.9656896717867337,0.9664534545849491
hippocampus_296,0.8564677470001729,0.8414513781904712,0.9340836694943053,0.9352333785354411
hippocampus_305,0.8433718374194032,0.8856242615809191,0.9654033526137452,0.9701982359123419
hippocampus_308,0.952519897251737,0.6793320450919743,0.9141093382372316,0.9560966831811442
hippocampus_317,0.8207911634472551,0.8887143781812173,0.9624902950021499,0.9595827594958245
hippocampus_327,0.8049484332949562,0.8610985923444076,0.9513494746252135,0.9416731368885237
hippocampus_330,0.8511777767199922,0.8916963177087747,0.9583009265536918,0.9603026627471878
hippocampus_332,0.8148384200224179,0.8354082131089816,0.9269926302957084,0.9257507150116028
hippocampus_338,0.853764483616821,0.8421032706534913,0.9463781987492199,0.9518179719928017
hippocampus_349,0.8439473987848618,0.8696663235283401,0.9463850448763907,0.9536672259431852
hippocampus_350,0.8388552419779399,0.8466921243286186,0.9444159578956983,0.9453045626218423
hippocampus_356,0.8542503027960295,0.7943127471496807,0.9178435102370307,0.9125777598537448
hippocampus_358,0.8539627738750819,0.8254571732574559,0.9452924938659236,0.948849747558959
hippocampus_374,0.8590472509859197,0.8252031194384584,0.9717606981318618,0.9761510777156971
hippocampus_394,0.8951178423868605,0.7144270965971193,0.8755702054529333,0.8775029373150315
