anchor_gradient_rms,anchor_location_conflict_fraction,anchor_location_conflict_mass_fraction,anchor_location_cosine,anchor_location_second_residual_fraction,anchor_location_voxel_overlap_fraction,anchor_loss,band_gradient_rms,band_loss,band_onecut_conflict_fraction,band_onecut_conflict_mass_fraction,band_onecut_cosine,band_onecut_second_residual_fraction,band_onecut_voxel_overlap_fraction,case_name,conditional_allowed_mass,dice_anchor_cosine,dice_band_cosine,dice_gradient_rms,dice_location_cosine,dice_loss,dice_onecut_cosine,location_gradient_rms,location_loss,onecut_allowed_mass,onecut_gradient_rms,onecut_loss,ray_count,sample_count
2.6271957267454127e-06,0.30224424600601196,0.0007809840026311576,0.8665136586426914,0.499153196811676,0.0523529052734375,0.05174250155687332,6.31096372671891e-06,0.4050392508506775,0.031239153817296028,0.017901122570037842,0.3496613074141453,0.9368761777877808,0.02198028564453125,hippocampus_017,0.8577370047569275,0.12690576134971113,0.45803638438519995,7.019746703917917e-07,0.17217572532876782,0.17770755290985107,0.1837212442969922,2.629594200698193e-05,0.5778544545173645,0.8577370047569275,2.143672872989555e-06,0.061223819851875305,2646.0,13.0
2.6864306619245326e-06,0.30682849884033203,0.011283859610557556,0.7589261647480806,0.6511766314506531,0.054691314697265625,0.09236209839582443,6.7213545662525576e-06,0.5472871661186218,0.059155866503715515,0.057400889694690704,0.3763753229144578,0.9264672994613647,0.02295684814453125,hippocampus_019,0.7753692269325256,0.09379725809581653,0.42019060616020776,7.141522928577615e-07,0.20972720506297934,0.19576364755630493,0.18790834372703868,2.7481868528411724e-05,1.000984787940979,0.7753692269325256,2.2311658085527597e-06,0.10630322992801666,2974.0,13.0
3.0099376999714877e-06,0.3057540953159332,0.0020944231655448675,0.8894307514901268,0.4570699632167816,0.052837371826171875,0.11352357268333435,6.21240815235069e-06,0.3964468836784363,0.05267658457159996,0.02751932665705681,0.3957300652523833,0.9183669686317444,0.022304534912109375,hippocampus_033,0.8277952075004578,0.10152558472513769,0.4762814460146294,7.958433343446814e-07,0.1482405659332543,0.1690543293952942,0.151260003039911,3.101569745922461e-05,1.0739445686340332,0.8277952075004578,2.544901462897542e-06,0.11226125061511993,2802.0,13.0
2.9731484119110974e-06,0.3317610025405884,0.00309095811098814,0.7701114424346548,0.6379094123840332,0.053375244140625,0.09723176062107086,6.683161245746305e-06,0.4435192942619324,0.06451054662466049,0.04152022674679756,0.36624307680043416,0.9305192828178406,0.02205657958984375,hippocampus_035,0.8151231408119202,0.10991076227836621,0.4138304533845947,7.774575010444096e-07,0.22026775564519896,0.17726808786392212,0.18914325834592766,2.8277800083742477e-05,0.735803484916687,0.8151231408119202,2.365402224313584e-06,0.09273985773324966,2770.0,13.0
3.74921160073427e-06,0.31891608238220215,0.0008668851223774254,0.8756577421557254,0.4829319715499878,0.051242828369140625,0.11217020452022552,7.75982698542066e-06,0.6907085180282593,0.04893878474831581,0.010239151306450367,0.4235771061182524,0.905860185623169,0.021747589111328125,hippocampus_037,0.7286826968193054,0.1805736696318391,0.38500355488280563,7.537997248618922e-07,0.23302701077719823,0.21248877048492432,0.2325722667944712,3.812382055912167e-05,1.4414143562316895,0.7286826968193054,3.1495862913288875e-06,0.13560353219509125,2722.0,13.0
1.2299617537792074e-06,0.2923567295074463,0.0025101201608777046,0.8530013668779679,0.5219087600708008,0.055049896240234375,0.020439330488443375,5.807053184980759e-06,0.3434112071990967,0.013027705252170563,0.004886619746685028,0.39122399399028973,0.9202955365180969,0.02313232421875,hippocampus_049,0.8856275677680969,0.15554714622385912,0.5118606911529694,6.714981850564072e-07,0.21474225652498055,0.16410613059997559,0.23633161294544522,1.551641798869241e-05,0.33920544385910034,0.8856275677680969,1.1999571825072053e-06,0.03392515704035759,2778.0,13.0
2.2894885205460014e-06,0.2777738869190216,0.0022604025434702635,0.8016710247532525,0.5977654457092285,0.054355621337890625,0.06102611869573593,6.6434431573725305e-06,0.5039001703262329,0.036837682127952576,0.017346348613500595,0.4116882043268771,0.9113247394561768,0.022678375244140625,hippocampus_052,0.7961899042129517,0.15363722865396387,0.4486540508857556,7.467621117029921e-07,0.22613078903684278,0.18821775913238525,0.2338584550610699,2.4022652723942883e-05,0.8384804725646973,0.7961899042129517,1.9852054720104206e-06,0.08266393840312958,2784.0,13.0
1.0280472224621917e-06,0.2533073425292969,0.0003829497436527163,0.8482627290157159,0.5295755863189697,0.05478668212890625,0.02163170836865902,5.809619324281812e-06,0.3581465780735016,0.00523030199110508,0.0014732989948242903,0.48716546134001065,0.8733096718788147,0.022609710693359375,hippocampus_065,0.8650526404380798,0.170691142702332,0.48419888257043253,6.990768497416866e-07,0.22950851598769786,0.18185317516326904,0.2527598479835823,1.4388267118192744e-05,0.4194427728652954,0.8650526404380798,1.1182138450749335e-06,0.03979853168129921,2646.0,13.0
1.600751829755609e-06,0.29653337597846985,0.008673977106809616,0.6450220117902525,0.7641640305519104,0.05303955078125,0.034000545740127563,6.452409252233338e-06,0.3996157944202423,0.02934417501091957,0.03535094112157822,0.3787016038159432,0.9255188703536987,0.021579742431640625,hippocampus_083,0.8752319812774658,0.11853538559491732,0.47820234874937,7.098500418578624e-07,0.23014865084792777,0.19045281410217285,0.21971384025993604,1.5273028111550957e-05,0.3607439398765564,0.8752319812774658,1.3851022231392562e-06,0.04400092735886574,2668.0,13.0
1.5905765167190111e-06,0.26551976799964905,0.001389581710100174,0.8839221579609406,0.4676341712474823,0.057209014892578125,0.034909140318632126,5.799305654363707e-06,0.38418856263160706,0.011744441464543343,0.003114313818514347,0.44753123408409573,0.8942683339118958,0.02436065673828125,hippocampus_088,0.8495141267776489,0.1441280953615039,0.44274078465676664,7.874576226640784e-07,0.17985590175414817,0.1751459240913391,0.20003214300076289,1.9065595552092418e-05,0.5831733345985413,0.8495141267776489,1.4904910585755715e-06,0.054275255650281906,2816.0,13.0
1.711353320388298e-06,0.2947466969490051,0.004123283550143242,0.8060929408051316,0.5917890667915344,0.05707550048828125,0.041565194725990295,5.740215328842169e-06,0.3334556221961975,0.03014502115547657,0.03701230138540268,0.3653511178250122,0.9308697581291199,0.023410797119140625,hippocampus_090,0.8849810361862183,0.10438581157166764,0.49043000861705544,8.085626745923946e-07,0.17366289623087736,0.15640437602996826,0.18388642765909635,1.7369500710628927e-05,0.4402748942375183,0.8849810361862183,1.4324509720609058e-06,0.050534334033727646,2922.0,13.0
1.2459403251341428e-06,0.27768489718437195,0.005742727778851986,0.8407060890644381,0.5414915680885315,0.047916412353515625,0.02457604557275772,6.444981863751309e-06,0.41141170263290405,0.006896551698446274,0.004769229795783758,0.45812285668038744,0.8888888359069824,0.020465850830078125,hippocampus_092,0.8532938361167908,0.12540296490952196,0.4071157249149941,7.999882996045926e-07,0.17291508856079388,0.1822746992111206,0.18831830225204446,1.669399716774933e-05,0.5118585228919983,0.8532938361167908,1.3055936278760782e-06,0.045491788536310196,2332.0,13.0
2.1874045614822535e-06,0.2848275899887085,0.0007488231640309095,0.8923001336495457,0.45144280791282654,0.0553131103515625,0.042235367000103,6.474102065112675e-06,0.43317270278930664,0.015802469104528427,0.0033556469716131687,0.415639666974167,0.9095293879508972,0.023174285888671875,hippocampus_095,0.8179106116294861,0.16478387142477713,0.4584795469599865,7.703678761572519e-07,0.2179693212005952,0.18284356594085693,0.23822307925174285,2.4464507077937014e-05,0.6261640787124634,0.8179106116294861,1.9559568045224296e-06,0.06171203777194023,2826.0,13.0
1.769478217283904e-06,0.2895466685295105,0.005546011496335268,0.8312308700991414,0.5559273362159729,0.059154510498046875,0.039930664002895355,5.313042947818758e-06,0.29928821325302124,0.03011406771838665,0.02625298500061035,0.37265598589923243,0.9279695749282837,0.025081634521484375,hippocampus_107,0.8854864835739136,0.12048009225856753,0.514330852256092,7.098944365679927e-07,0.18716801086239349,0.1695144772529602,0.19294806821155067,1.9473749489407055e-05,0.42802998423576355,0.8854864835739136,1.5480061392736388e-06,0.04812638461589813,2976.0,13.0
1.6877648931767908e-06,0.27337175607681274,0.003801733022555709,0.8869120111995671,0.46193835139274597,0.057575225830078125,0.03180743008852005,5.4914617066970095e-06,0.33155593276023865,0.018417680636048317,0.019671984016895294,0.3726199115194425,0.9279839992523193,0.0238189697265625,hippocampus_108,0.8815919756889343,0.09806256855400063,0.4372119032386569,7.761752840451663e-07,0.1595944108606909,0.16422784328460693,0.17002533511929374,1.832003727031406e-05,0.46514102816581726,0.8815919756889343,1.4446510476773256e-06,0.04541796073317528,2874.0,13.0
2.1092350834805984e-06,0.2931925654411316,0.0005935392691753805,0.8188614135375771,0.5739911794662476,0.051666259765625,0.0635698139667511,7.116224423953099e-06,0.5266839265823364,0.028680341318249702,0.005289294756948948,0.4362133106231083,0.8998432159423828,0.021015167236328125,hippocampus_123,0.812905490398407,0.17933365745652072,0.42087474805674735,7.961161259117944e-07,0.2132497271918708,0.187780499458313,0.24724531088881876,2.3079481252352707e-05,0.8203850388526917,0.812905490398407,1.869027755674324e-06,0.07986195385456085,2542.0,13.0
4.1874463931890205e-06,0.2622006833553314,2.1562645997619256e-05,0.9049742157177659,0.4254665970802307,0.04174041748046875,0.18372298777103424,9.579011930327397e-06,0.8971500396728516,0.006201194599270821,5.321881417330587e-06,0.46910033445493976,0.8831448554992676,0.01660919189453125,hippocampus_125,0.6588176488876343,0.1964336986521449,0.28551275263801534,7.95675646259042e-07,0.21952523249844258,0.257331907749176,0.23851032274546485,4.152165274717845e-05,2.44770884513855,0.6588176488876343,3.3424721550545655e-06,0.20621372759342194,2060.0,13.0
2.9137238470866578e-06,0.29516610503196716,0.0005642417236231267,0.8043514291471605,0.5941538214683533,0.05350494384765625,0.07740938663482666,6.462926194217289e-06,0.45468419790267944,0.04826545715332031,0.024764109402894974,0.3750068476209527,0.9270220398902893,0.022762298583984375,hippocampus_157,0.8190547227859497,0.1239325587177008,0.4580591622460165,7.243281743285479e-07,0.18816465294587792,0.18302208185195923,0.18902635500452483,2.777569170575589e-05,0.7600051164627075,0.8190547227859497,2.3281270387087716e-06,0.08423842489719391,2740.0,13.0
3.3018736758094747e-06,0.25081560015678406,0.0010624947026371956,0.9073229860225552,0.4204341173171997,0.05846405029296875,0.13151250779628754,6.938519618415739e-06,0.5911377668380737,0.027177367359399796,0.0057616326957941055,0.3993695052882528,0.9167900085449219,0.0240020751953125,hippocampus_164,0.7195436358451843,0.11237632452416058,0.3223436272843856,6.278045248109265e-07,0.16002663998102223,0.30837440490722656,0.16867443386590772,3.385495801921934e-05,1.5424045324325562,0.7195436358451843,2.7879175377165666e-06,0.14632585644721985,3036.0,13.0
2.9701193398068426e-06,0.2996729612350464,0.006984210107475519,0.8099880823360659,0.5864463448524475,0.047824859619140625,0.09663216769695282,6.891097200423246e-06,0.49318695068359375,0.05554480478167534,0.04438550025224686,0.3838172137625063,0.923409104347229,0.019710540771484375,hippocampus_169,0.797650158405304,0.10617802424205051,0.4212480556917442,7.141169362512301e-07,0.19329425967069594,0.19734203815460205,0.1826969212240399,3.1071231205714867e-05,0.9462222456932068,0.797650158405304,2.492382691343664e-06,0.1031864657998085,2434.0,13.0
1.3144084505256615e-06,0.2790956497192383,0.00494739692658186,0.76917702039652,0.6390356421470642,0.044544219970703125,0.03217710182070732,7.384612672467483e-06,0.5037674307823181,0.02084662765264511,0.012230225838720798,0.4453584062353966,0.8953523635864258,0.017932891845703125,hippocampus_175,0.826992928981781,0.16855319673163713,0.4438000656463712,6.902366180838726e-07,0.27763079897322057,0.20430999994277954,0.2836426367892475,1.716663609840907e-05,0.564656674861908,0.826992928981781,1.3649768106915872e-06,0.05222245678305626,2242.0,13.0
2.520860789445578e-06,0.29088979959487915,0.0028130889404565096,0.7746100061447921,0.6324393153190613,0.05033111572265625,0.07176616787910461,6.3918209889379796e-06,0.4196707606315613,0.04437488317489624,0.029205581173300743,0.3637508660157584,0.931496262550354,0.020717620849609375,hippocampus_185,0.8405453562736511,0.09027982143024976,0.39956694229449413,7.946352411636326e-07,0.15967329013591405,0.18789130449295044,0.1569984693063684,2.519827103242278e-05,0.6783287525177002,0.8405453562736511,2.0414045138750225e-06,0.07793708145618439,2548.0,13.0
3.945911430491833e-06,0.3023443818092346,0.0037495908327400684,0.8536221588222701,0.5208925008773804,0.051906585693359375,0.13993771374225616,6.554468654940138e-06,0.5321080684661865,0.04843304678797722,0.029339496046304703,0.3696034275515668,0.9291895627975464,0.022762298583984375,hippocampus_190,0.7952314019203186,0.06934817369791116,0.3907752846546387,7.532592007919447e-07,0.1317732463165073,0.18114495277404785,0.12438322501792588,3.4941320336656645e-05,1.416877031326294,0.7952314019203186,2.9463139981089626e-06,0.14216074347496033,2628.0,13.0
2.364502961427206e-06,0.3015668988227844,0.00636698305606842,0.7016559719993811,0.7125159502029419,0.047473907470703125,0.0546141117811203,6.799882157793036e-06,0.46671897172927856,0.04302893951535225,0.0676451101899147,0.3169252539859966,0.9484504461288452,0.02030181884765625,hippocampus_194,0.8166787028312683,0.08563525318414944,0.43398854727309766,7.588505468447693e-07,0.2402254311919049,0.1982560157775879,0.20010828974789743,2.317325743206311e-05,0.5243166089057922,0.8166787028312683,1.9231663372920593e-06,0.06523662805557251,2340.0,13.0
2.8315396320977015e-06,0.2834170162677765,0.016342541202902794,0.7632765417931893,0.6460718512535095,0.0486297607421875,0.09553354978561401,7.272568382177269e-06,0.5917933583259583,0.050562869757413864,0.04663180932402611,0.378375438862789,0.9256522059440613,0.019992828369140625,hippocampus_204,0.774345874786377,0.09169532020027446,0.4252073803966619,7.138549449337006e-07,0.1935316474413839,0.19603955745697021,0.1815013392359244,2.885795765905641e-05,1.0619916915893555,0.774345874786377,2.407123020020663e-06,0.11141366511583328,2512.0,13.0
3.7390436773421243e-06,0.2963523268699646,0.0004838916065637022,0.8826186154042508,0.47008949518203735,0.04538726806640625,0.19840268790721893,7.4647259680205025e-06,0.57468181848526,0.06221427023410797,0.006971337832510471,0.4082740171908051,0.9128594398498535,0.019191741943359375,hippocampus_205,0.7521200776100159,0.13963006771733355,0.3935413690677884,7.55120481699123e-07,0.1928345600907956,0.22628772258758545,0.19853841609016323,3.907042628270574e-05,1.928970217704773,0.7521200776100159,3.143838057440007e-06,0.1863887757062912,2382.0,13.0
3.1956328712112736e-06,0.2853333353996277,0.002294565550982952,0.7885366105663465,0.614987850189209,0.04863739013671875,0.10834121704101562,7.136337444535457e-06,0.5805193185806274,0.04583176225423813,0.029069656506180763,0.3922198715852079,0.9198715090751648,0.02022552490234375,hippocampus_210,0.7921072840690613,0.08597309497717408,0.3589372832278142,8.100092259155645e-07,0.16044683019337755,0.19412994384765625,0.15026546206151656,2.865300302801188e-05,1.1630996465682983,0.7921072840690613,2.464772478560917e-06,0.11968497186899185,2450.0,13.0
4.767554855789058e-06,0.28889766335487366,0.0006552120903506875,0.876444816182281,0.48150214552879333,0.048274993896484375,0.1832486242055893,8.485271791869309e-06,0.8108466863632202,0.039042357355356216,0.008271293714642525,0.4476663478853018,0.8942006826400757,0.02071380615234375,hippocampus_217,0.6596499085426331,0.18696668391381044,0.38020303007088263,7.956496688166226e-07,0.2227835349855983,0.24194389581680298,0.24391391331940993,4.451337372302078e-05,2.211859941482544,0.6596499085426331,3.6765277400263585e-06,0.20527474582195282,2390.0,13.0
3.250155714340508e-06,0.26605504751205444,0.00048407510621473193,0.871130695001833,0.49105119705200195,0.046154022216796875,0.12990771234035492,7.853062015783507e-06,0.6678224205970764,0.019615856930613518,0.005334380082786083,0.4330096321661725,0.9013893008232117,0.01866912841796875,hippocampus_219,0.7552052736282349,0.16700095509346907,0.3534057488326003,8.596558700446622e-07,0.19797881731485248,0.21667468547821045,0.2177468238319847,3.103930066572502e-05,1.712555170059204,0.7552052736282349,2.564279611760867e-06,0.1486635059118271,2302.0,13.0
1.1460739415269927e-06,0.2974775731563568,0.01170957088470459,0.5052947026396174,0.8629468679428101,0.049755096435546875,0.023571619763970375,5.948883426754037e-06,0.3395995795726776,0.02804945595562458,0.0616629496216774,0.33214694997650984,0.9432276487350464,0.020671844482421875,hippocampus_229,0.8962135314941406,0.08995711364606548,0.44863019674981974,7.171356628532521e-07,0.23864269793359896,0.1858196258544922,0.2157543573505933,1.1390733561711386e-05,0.23519395291805267,0.8962135314941406,1.0099320206791162e-06,0.031130528077483177,2452.0,13.0
4.928975613438524e-06,0.28542596101760864,0.002802240429446101,0.8678863061226209,0.49676308035850525,0.05292510986328125,0.24751484394073486,7.619766620337032e-06,0.7950970530509949,0.07378258556127548,0.015379386954009533,0.44855104350910113,0.8937572240829468,0.023265838623046875,hippocampus_244,0.6595993638038635,0.18799412115482728,0.4063981569415481,7.112228672667698e-07,0.2245681017770475,0.21378642320632935,0.23191085560805455,4.669101326726377e-05,2.649620294570923,0.6595993638038635,3.845459559670417e-06,0.2552836537361145,2884.0,13.0
3.5914283671445446e-06,0.31310001015663147,0.004700358025729656,0.8508083453676413,0.5254762172698975,0.061588287353515625,0.15151295065879822,6.57000828141463e-06,0.597078800201416,0.05325191840529442,0.023293711245059967,0.40491412156633594,0.9143547415733337,0.02686309814453125,hippocampus_261,0.7264552712440491,0.13285875798702385,0.45930541930665775,6.8848532919219e-07,0.2363957387732529,0.18522119522094727,0.21740643261805861,3.472237222013064e-05,1.6006746292114258,0.7264552712440491,2.874560323107289e-06,0.16005028784275055,3228.0,13.0
2.393143176959711e-06,0.2676645517349243,0.0017673432594165206,0.9072867606452047,0.42051249742507935,0.058361053466796875,0.06229455769062042,6.099451184127247e-06,0.43100565671920776,0.023523913696408272,0.011019013822078705,0.4138383064870234,0.9103503823280334,0.024486541748046875,hippocampus_264,0.8214852213859558,0.13920268999135604,0.49568383875393623,6.886219807711313e-07,0.1916572878464886,0.188357412815094,0.209051988397321,2.6994015570380725e-05,0.8215799927711487,0.8214852213859558,2.070405116683105e-06,0.07842849940061569,2882.0,13.0
1.8316216028324561e-06,0.2954464256763458,0.013811880722641945,0.7650942654228419,0.6439182758331299,0.053531646728515625,0.035331517457962036,5.6521671467635315e-06,0.34255272150039673,0.030733643099665642,0.08013559132814407,0.267038254904339,0.963685929775238,0.0230865478515625,hippocampus_277,0.8883975744247437,0.03490962888355906,0.48290370042279523,7.610892680531833e-07,0.15074491842154747,0.17895328998565674,0.12189289355339486,1.7474647393100895e-05,0.3825102746486664,0.8883975744247437,1.4650350976808113e-06,0.04498368129134178,2660.0,13.0
4.8122637963388115e-06,0.2839421033859253,0.0003412236401345581,0.8694091645234082,0.4940929114818573,0.044281005859375,0.18597319722175598,9.29768430069089e-06,0.9466474056243896,0.048409681767225266,0.004749128129333258,0.48841446933867283,0.8726117610931396,0.019069671630859375,hippocampus_280,0.6204683780670166,0.1893884373511989,0.35970016000705757,8.261376933660358e-07,0.22139482831424817,0.2501879334449768,0.23644720118020068,4.719556818599813e-05,2.3627514839172363,0.6204683780670166,3.93979507862241e-06,0.2169611155986786,2400.0,13.0
2.2349458959070034e-06,0.2448110282421112,0.002000906504690647,0.8796484802136022,0.47562429308891296,0.04925537109375,0.06645004451274872,7.576336429337971e-06,0.6103588938713074,0.017499513924121857,0.0065145110711455345,0.4821802084774247,0.8760720491409302,0.019618988037109375,hippocampus_286,0.769985020160675,0.11945925301234227,0.3451411143407921,7.940460022837215e-07,0.16805461845210098,0.2216721773147583,0.17729386484089718,2.587298149592243e-05,1.0997016429901123,0.769985020160675,2.033146074609249e-06,0.0964098572731018,2488.0,13.0
2.553738795540994e-06,0.25375744700431824,0.0036343270912766457,0.821095867106401,0.5707904696464539,0.0588836669921875,0.07707272469997406,5.896884886169573e-06,0.3960408568382263,0.035930048674345016,0.05827298387885094,0.31756870439065643,0.948235273361206,0.02399444580078125,hippocampus_288,0.8491318821907043,0.0473112294414932,0.4440936311828772,7.802984782756539e-07,0.14034509215071053,0.21769386529922485,0.1281247553039699,2.2685073417960666e-05,0.7739759683609009,0.8491318821907043,1.9712392713699955e-06,0.08267705142498016,3062.0,13.0
3.3771416383387987e-06,0.2805677056312561,0.00023118991521187127,0.866592750036872,0.4990161657333374,0.0454254150390625,0.12320864200592041,8.36154413264012e-06,0.7992998957633972,0.0343007892370224,0.006421868689358234,0.455970172905844,0.8899950385093689,0.018795013427734375,hippocampus_289,0.7145748734474182,0.14384048950352887,0.3771567486511983,6.557555138897442e-07,0.18764620267890278,0.21861767768859863,0.20364167181105444,3.523061968735419e-05,1.8432575464248657,0.7145748734474182,2.8365423077048035e-06,0.1591719090938568,2324.0,13.0
2.667106627995963e-06,0.3157656490802765,0.003204499604180455,0.7471776797681998,0.6646243333816528,0.058990478515625,0.09860032051801682,7.086098321451573e-06,0.6369830369949341,0.05481120944023132,0.021578583866357803,0.44175618538524336,0.8971350789070129,0.025054931640625,hippocampus_296,0.7348849773406982,0.15636190668029679,0.42006089715767514,7.160872996792023e-07,0.23247935837968642,0.1915959119796753,0.2371907509609636,2.7752359528676607e-05,1.1433508396148682,0.7348849773406982,2.293608758918708e-06,0.11999130249023438,3104.0,13.0
3.61868887921446e-06,0.31689921021461487,0.0013890140689909458,0.8734470957845668,0.4869190454483032,0.0492095947265625,0.11944499611854553,8.214729859901126e-06,0.8140324950218201,0.04536524415016174,0.016160020604729652,0.49737303854109177,0.8675367832183838,0.021358489990234375,hippocampus_305,0.6457580924034119,0.16851400250704904,0.37986574300168674,7.71907423313678e-07,0.23619825235858036,0.22021937370300293,0.23508728670470902,4.017776882392354e-05,1.9464406967163086,0.6457580924034119,3.220292001060443e-06,0.1694108098745346,2602.0,13.0
7.239918318191485e-07,0.256298691034317,0.0020756099838763475,0.7551540916738675,0.6555473804473877,0.054355621337890625,0.014653035439550877,5.84390136282309e-06,0.3366478383541107,0.008902076631784439,0.011286808177828789,0.4236431379152757,0.9058291912078857,0.021854400634765625,hippocampus_308,0.8897569179534912,0.15794581538203312,0.47837752078938633,7.340988190662756e-07,0.24200794156663377,0.16326695680618286,0.2691598525906903,1.0335084880352952e-05,0.2526940405368805,0.8897569179534912,8.215143907364109e-07,0.027689116075634956,2680.0,13.0
3.554190016075154e-06,0.31616896390914917,0.004868881311267614,0.8472335808628685,0.531220555305481,0.05237579345703125,0.13308720290660858,7.229815764731029e-06,0.6076952219009399,0.05556496977806091,0.01990412175655365,0.4675627998878757,0.8839598298072815,0.022518157958984375,hippocampus_317,0.7172014117240906,0.12834362278926306,0.3625379368092042,7.971725040079036e-07,0.18591349807383623,0.21789205074310303,0.18786722300760908,3.535233190632425e-05,1.515811562538147,0.7172014117240906,3.0520341169903986e-06,0.14953069388866425,2852.0,13.0
2.980286581077962e-06,0.3022051155567169,0.0029979234095662832,0.7921709136672354,0.6102993488311768,0.054492950439453125,0.07979083806276321,6.026320534147089e-06,0.39827316999435425,0.038193345069885254,0.020697016268968582,0.39146070973054603,0.9201948046684265,0.02407073974609375,hippocampus_327,0.820227324962616,0.15133362054056732,0.4358987651996071,7.68200550282927e-07,0.217302838588497,0.1793413758277893,0.22048107716321408,2.815234984154813e-05,0.6978775262832642,0.820227324962616,2.382737648076727e-06,0.0846787840127945,2688.0,13.0
3.628192416726961e-06,0.32079973816871643,0.0005792764713987708,0.8405428856464505,0.541745126247406,0.059146881103515625,0.14500783383846283,8.065575457294472e-06,0.884006142616272,0.035061873495578766,0.00360215175896883,0.52141428774728,0.8533037304878235,0.0258941650390625,hippocampus_330,0.6106092929840088,0.21519982882428743,0.3888308580239102,7.409654472212424e-07,0.2566445451258825,0.2003164291381836,0.2761208097693313,3.834581730188802e-05,1.9527919292449951,0.6106092929840088,3.168843704770552e-06,0.18457955121994019,3020.0,13.0
2.963563019875437e-06,0.321321964263916,0.010225222446024418,0.7163334336854621,0.697758138179779,0.05367279052734375,0.11904545873403549,6.797969490435207e-06,0.5417733192443848,0.07303553819656372,0.06135399639606476,0.362108545657561,0.9321359395980835,0.02339935302734375,hippocampus_332,0.7561455965042114,0.1022928093432406,0.40883412740497466,7.528577725679497e-07,0.23502995276788838,0.1888940930366516,0.20275873366464514,3.0329045330290683e-05,0.9865366816520691,0.7561455965042114,2.4291716727020685e-06,0.12111443281173706,2878.0,13.0
2.493314696039306e-06,0.288962185382843,0.0013109585270285606,0.801708710426545,0.5977150797843933,0.054363250732421875,0.06208721548318863,6.872644917166326e-06,0.5009202361106873,0.044264234602451324,0.02211790531873703,0.43815780269039994,0.8988980650901794,0.022579193115234375,hippocampus_338,0.7595198750495911,0.20021320771536097,0.4244377324959897,8.339960686498671e-07,0.27305789747897047,0.1848539113998413,0.28001333520192445,2.7099818908027373e-05,0.7917910218238831,0.7595198750495911,2.2479621293314267e-06,0.08362484723329544,2904.0,13.0
3.0784617592871655e-06,0.29590338468551636,0.0027564128395169973,0.8053450839583743,0.5928062200546265,0.04674530029296875,0.11096394807100296,7.5428938544064295e-06,0.6765497326850891,0.066021628677845,0.018315434455871582,0.4691512670095631,0.8831177949905396,0.020107269287109375,hippocampus_349,0.7138456106185913,0.16621610706459833,0.37147226946043027,7.766893759253435e-07,0.20610551245546463,0.22981172800064087,0.2093187981878463,3.410272256587632e-05,1.4599671363830566,0.7138456106185913,2.77710546470189e-06,0.14405938982963562,2546.0,13.0
2.809305897244485e-06,0.3145841360092163,0.013934886083006859,0.7855248530208603,0.618830144405365,0.049304962158203125,0.09617103636264801,7.02041870681569e-06,0.5323317646980286,0.07090909034013748,0.03466790169477463,0.42061051777399705,0.9072412848472595,0.0209808349609375,hippocampus_350,0.7686415910720825,0.12775489539876833,0.40803421623918035,7.918250730654108e-07,0.21153833281071238,0.19939857721328735,0.20561792188064848,2.921234590758104e-05,0.9260873794555664,0.7686415910720825,2.4334383397217607e-06,0.10621552169322968,2662.0,13.0
2.094520823447965e-06,0.30557435750961304,0.011179638095200062,0.6752927014143756,0.7375497221946716,0.05638885498046875,0.061170198023319244,6.229296104720561e-06,0.4652995467185974,0.053167421370744705,0.07693164795637131,0.36272098622840976,0.9318976998329163,0.0236053466796875,hippocampus_356,0.8251558542251587,0.09419492642526307,0.44631753089945475,7.204932899185224e-07,0.21782233944903284,0.16859424114227295,0.19077152622091526,2.097776814480312e-05,0.6820257306098938,0.8251558542251587,1.8060472939396277e-06,0.07684226334095001,2946.0,13.0
2.687366531972657e-06,0.3022376298904419,0.007086436729878187,0.793942492194761,0.607992947101593,0.0484161376953125,0.0913851261138916,7.480718522856478e-06,0.6292773485183716,0.049503128975629807,0.02570366859436035,0.4111995607942192,0.9115453362464905,0.02072906494140625,hippocampus_358,0.7636702656745911,0.16274305228138872,0.3624121371799575,7.218638415906753e-07,0.21210280152456149,0.2525408864021301,0.2276569853716116,2.8648219085880555e-05,1.122004747390747,0.7636702656745911,2.336381839995738e-06,0.11211331188678741,2644.0,13.0
2.2815361262473743e-06,0.2803657352924347,0.00078639603452757,0.897358208457859,0.4413028955459595,0.057159423828125,0.0451757088303566,6.6125785451731645e-06,0.4795064926147461,0.021227579563856125,0.010880628600716591,0.41975087156736046,0.9076392650604248,0.023181915283203125,hippocampus_374,0.7920061349868774,0.14531834237868316,0.4419147365210054,7.041355729597853e-07,0.21960056624504584,0.18380862474441528,0.23396261020832368,2.5586141418898478e-05,0.6966301798820496,0.7920061349868774,2.0304171357565792e-06,0.06710328906774521,2894.0,13.0
1.401798613187566e-06,0.3142610192298889,0.025046100839972496,0.536639096278605,0.8438118100166321,0.057403564453125,0.03240502253174782,5.900277301407186e-06,0.37615275382995605,0.043812815099954605,0.0809311717748642,0.3275449007417394,0.9448356628417969,0.0242919921875,hippocampus_394,0.864773154258728,0.05979192659503783,0.44532848883553194,8.000566253940633e-07,0.2045593617695294,0.16920578479766846,0.1714208370752278,1.4568967344530392e-05,0.3257303237915039,0.864773154258728,1.2737332326651085e-06,0.04329727962613106,2974.0,13.0
